{
  "object_pool": {
    "pool": 3.106281593318272e-07,
    "direct": 1.0569045945885592e-07,
    "ratio": 0.3402475155059994
  },
  "json_response": {
    "mean": 1.48811591514459e-06,
    "p95": 2.240999492642004e-06,
    "p99": 5.951380717306165e-06
  },
  "signature_cache": {
    "mean": 2.6845523944757586e-07,
    "p95": 3.409995770198293e-07
  }
}